Id	Test	Focal	Oracle
1	@Test  public void testSetName() {   String[] expected = {"New"};   person.setName(expected);   String[] actual = person.getName();   <AssertPlaceHolder>;  }	public static String getName ( ) { \n String name = getCustomName ( ) ; \n if ( name == null ) { \n name = getComputerName ( ) ; \n } if ( name == null ) { \n name = getUserName ( ) ; \n } return name ; \n }	assertArrayEquals(expected,actual);
2	@Test     public void testGetHazelcastVersionFromJarOrNull_whenInvalidPath_thenReturnNull() {         File file = new File("notExists/*").getAbsoluteFile();         <AssertPlaceHolder>;     }	static String getHazelcastVersionFromJarOrNull ( String classPath ) { \n try { \n List < File > jarFiles = getFilesFromClassPath ( classPath ) ; \n for ( File jarFile : jarFiles ) { \n String version = getVersion ( jarFile ) ; \n if ( version != null ) { \n return version ; \n } } } catch ( UncheckedIOException ignored ) { \n ignore ( ignored ) ; \n } return null ; \n }	assertNull(getHazelcastVersionFromJarOrNull(file.getAbsolutePath()));
3	@Test   public void testReturnOriginalState() {     final ODocument doc = new ODocument();      final OTrackedSet<String> trackedSet = new OTrackedSet<String>(doc);     trackedSet.add("value1");     trackedSet.add("value2");     trackedSet.add("value3");     trackedSet.add("value4");     trackedSet.add("value5");      final Set<String> original = new HashSet<String>(trackedSet);     trackedSet.enableTracking(doc);     trackedSet.add("value6");     trackedSet.remove("value2");     trackedSet.remove("value5");     trackedSet.add("value7");     trackedSet.add("value8");     trackedSet.remove("value7");     trackedSet.add("value9");     trackedSet.add("value10");      <AssertPlaceHolder>;   }	public Set < T > returnOriginalState ( final List < OMultiValueChangeEvent < T , T > > multiValueChangeEvents ) { \n final Set < T > reverted = new HashSet < T > ( this ) ; \n final ListIterator < OMultiValueChangeEvent < T , T > > listIterator = multiValueChangeEvents . listIterator ( multiValueChangeEvents . size ( ) ) ; \n while ( listIterator . hasPrevious ( ) ) { \n final OMultiValueChangeEvent < T , T > event = listIterator . previous ( ) ; \n switch ( event . getChangeType ( ) ) { \n case ADD : reverted . remove ( event . getKey ( ) ) ; \n break ; \n case REMOVE : reverted . add ( event . getOldValue ( ) ) ; \n break ; \n default : throw new IllegalArgumentException ( \"STR\" + event . getChangeType ( ) ) ; \n } } return reverted ; \n }	Assert.assertEquals(original,trackedSet.returnOriginalState(firedEvents));
4	@Test     public void turpms2() {         Word Turpmākajā = locītājs.analyze("Turpmākajā");         <AssertPlaceHolder>;     } 	public boolean isRecognized ( ) { \n return ! wordforms . isEmpty ( ) ; \n }	assertTrue(Turpmākajā.isRecognized());
5	@Test public void testNativeDirectMemoryCompatibility() {     byteSerializer.serializeNative(OBJECT, stream, 0);      final ByteBuffer buffer =         ByteBuffer.allocateDirect(stream.length).order(ByteOrder.nativeOrder());     buffer.position(0);     buffer.put(stream);     buffer.position(0);      <AssertPlaceHolder>;   }	 public Character deserializeFromByteBufferObject ( ByteBuffer buffer ) { \n return buffer . getChar ( ) ; \n }	assertEquals(byteSerializer.deserializeFromByteBufferObject(buffer), OBJECT);
6	@Test   public void testEqualsDifferentClass() {     final OMultiKey multiKey = new OMultiKey(Collections.singletonList("a"));     <AssertPlaceHolder>;   }	public boolean equals ( final Object o ) { \n if ( this == o ) return true ; \n if ( o == null || getClass ( ) != o . getClass ( ) ) return false ; \n final OMultiKey oMultiKey = ( OMultiKey ) o ; \n if ( keys . size ( ) != oMultiKey . keys . size ( ) ) return false ; \n for ( final Object inKey : keys ) { \n if ( ! oMultiKey . keys . contains ( inKey ) ) return false ; \n } return true ; \n }	assertFalse(multiKey.equals("a"));
7	@Test     public void testLocalTeardownFilter() {         Method method = new AnnotatedMethodRetriever(AnnotationTestClass.class, Teardown.class)                 .withVoidReturnType()                 .withFilter(new TeardownFilter(false))                 .find();          <AssertPlaceHolder>;     }	public Method find ( ) { \n List < Method > methods = findAll ( ) ; \n switch ( methods . size ( ) ) { \n case 0 : return null ; \n case 1 : return methods . iterator ( ) . next ( ) ; \n default : throw new ReflectionException ( format ( \"STR\" , clazz . getName ( ) , annotationClazz . getName ( ) ) ) ; \n } }	assertEquals("localTearDown", method.getName());
8	@Test   public void testSetToNullLink() {     ODocument doc = new ODocument();     doc.field("test", "ddd");     ODocument doc2 = new ODocument();     doc.field("test1", doc2);     doc.field("test1", (Object) null);     ODirtyManager manager = ORecordInternal.getDirtyManager(doc);     <AssertPlaceHolder>;   }	public Set < ORecord > getNewRecords ( ) { \n return getReal ( ) . newRecords ; \n }	assertThat(CassandraUnitCommandLineLoader.isUsageBeenPrinted(),is(true));
9	@Test     void attrHead() {         final EndLabel head = EndLabel.head(Label.of("hula"), 1d, 2d);         <AssertPlaceHolder>;     }	static < F extends For > Attributes < F > attrs ( Attributes < ? extends F > ... attributes ) { \n return attrs ( asList ( attributes ) ) ; \n }	assertEquals(attrs(attr("STR",head),attr("STR",1d),attr("STR",2d)),attrs(head));
10	@Test     public void testShortOTP() {             String otp = "cccccc";             <AssertPlaceHolder>;     }	public static boolean isValidOTPFormat ( String otp ) { \n if ( otp == null ) { \n return false ; \n } int len = otp . length ( ) ; \n for ( char c : otp . toCharArray ( ) ) { \n if ( c < 0x20 || c > 0x7E ) { \n return false ; \n } } return OTP_MIN_LEN <= len && len <= OTP_MAX_LEN ; \n }	assertFalse(YubicoClient.isValidOTPFormat(otp));